supliers,CCi,Rank
S0,0.505884930188922,2.0
S1,0.44880824034344896,5.0
S2,0.5036488173999362,3.0
S3,0.4208202994709797,6.0
S4,0.493120476391204,4.0
S5,0.7238348026233001,1.0
