supliers,CCi,Rank
S1,0.49778941973357405,3.0
S2,0.4520747900611824,5.0
S3,0.5069572694157249,2.0
S4,0.42322331732869656,6.0
S5,0.4960148384152758,4.0
S6,0.7280576937841617,1.0
